Datetime,Price
20-Jun-22,20554.1
19-Jun-22,20556
18-Jun-22,18978
17-Jun-22,20411
16-Jun-22,20394
15-Jun-22,22594
14-Jun-22,22172
13-Jun-22,22487
12-Jun-22,26670
11-Jun-22,28425
10-Jun-22,29103
9-Jun-22,30112.2
8-Jun-22,30230
7-Jun-22,31149
6-Jun-22,31371
5-Jun-22,29923.4
4-Jun-22,29877
3-Jun-22,29730
2-Jun-22,30478
1-Jun-22,29832
31-May-22,31792
30-May-22,31726.3
29-May-22,29476
28-May-22,29037
27-May-22,28609
26-May-22,29213
25-May-22,29524
24-May-22,29647
23-May-22,29091
22-May-22,30283
21-May-22,29439
20-May-22,29202
19-May-22,30329
18-May-22,28680
17-May-22,30442
16-May-22,29854
15-May-22,31319
14-May-22,30104
13-May-22,29306
12-May-22,29089.5
11-May-22,29095
10-May-22,31050
9-May-22,30158
8-May-22,34084
7-May-22,35508
6-May-22,36040
5-May-22,36577
4-May-22,39701.2
3-May-22,37751
2-May-22,38520
1-May-22,38496.1
30-Apr-22,37662
29-Apr-22,38600
28-Apr-22,39757.8
27-Apr-22,39263
26-Apr-22,38139
25-Apr-22,40456
24-Apr-22,39486
23-Apr-22,39446.7
22-Apr-22,39724
21-Apr-22,40502
20-Apr-22,41366.4
19-Apr-22,41516.8
18-Apr-22,40821
17-Apr-22,39707.6
16-Apr-22,40408.7
15-Apr-22,40587
14-Apr-22,39948
13-Apr-22,41155
12-Apr-22,40087
11-Apr-22,39565
10-Apr-22,42181
9-Apr-22,42780
8-Apr-22,42277
7-Apr-22,43458
6-Apr-22,43199
5-Apr-22,45481
4-Apr-22,46611.1
3-Apr-22,46383
2-Apr-22,45825
1-Apr-22,46301
31-Mar-22,45535
30-Mar-22,47035
29-Mar-22,47424
28-Mar-22,47105
27-Mar-22,46836
26-Mar-22,44536.4
25-Mar-22,44337
24-Mar-22,44003
23-Mar-22,42882
22-Mar-22,42370
21-Mar-22,41031
20-Mar-22,41249
19-Mar-22,42214
18-Mar-22,41774
17-Mar-22,40942.6
16-Mar-22,41148
15-Mar-22,39317
14-Mar-22,39717
13-Mar-22,37777.1
12-Mar-22,38816.3
11-Mar-22,38737
10-Mar-22,39458.5
9-Mar-22,41962.3
8-Mar-22,38757
7-Mar-22,38039
6-Mar-22,38437
5-Mar-22,39408
4-Mar-22,39171
3-Mar-22,42490
2-Mar-22,43952
1-Mar-22,44442
28-Feb-22,43202
27-Feb-22,37734
26-Feb-22,39125
25-Feb-22,39243
24-Feb-22,38380
23-Feb-22,37292
22-Feb-22,38299
21-Feb-22,37054
20-Feb-22,38420
19-Feb-22,40141
18-Feb-22,40037
17-Feb-22,40556
16-Feb-22,43885
15-Feb-22,44559.9
14-Feb-22,42559.9
13-Feb-22,42091
12-Feb-22,42239.1
11-Feb-22,42418
10-Feb-22,43545
9-Feb-22,44432
8-Feb-22,44060.5
7-Feb-22,43865
6-Feb-22,42423
5-Feb-22,41454
4-Feb-22,41562.7
3-Feb-22,37331
2-Feb-22,36925
1-Feb-22,38733
31-Jan-22,38526
30-Jan-22,37939
29-Jan-22,38197
28-Jan-22,37759.8
27-Jan-22,37217
26-Jan-22,36830.8
25-Jan-22,36994
24-Jan-22,36702
23-Jan-22,36308
22-Jan-22,35103
21-Jan-22,36501
20-Jan-22,40740
19-Jan-22,41676
18-Jan-22,42390
17-Jan-22,42242
16-Jan-22,43084
15-Jan-22,43069
14-Jan-22,43091
13-Jan-22,42562
12-Jan-22,43909
11-Jan-22,42743
10-Jan-22,41839
9-Jan-22,41850
8-Jan-22,41679
7-Jan-22,41518
6-Jan-22,43111
5-Jan-22,43418
4-Jan-22,45830
3-Jan-22,46445
2-Jan-22,47314
1-Jan-22,47755
31-Dec-21,46218
30-Dec-21,47156
29-Dec-21,46465
28-Dec-21,47554
27-Dec-21,50684
26-Dec-21,50797
25-Dec-21,50437
24-Dec-21,50815
23-Dec-21,50812
22-Dec-21,48626
21-Dec-21,48923
20-Dec-21,46898
19-Dec-21,46716.5
18-Dec-21,46879
17-Dec-21,46193
16-Dec-21,47675
15-Dec-21,48901
14-Dec-21,48408
13-Dec-21,46777
12-Dec-21,50123
11-Dec-21,49363.1
10-Dec-21,47170
9-Dec-21,47611
8-Dec-21,50503.4
7-Dec-21,50634
6-Dec-21,50566.6
5-Dec-21,49469
4-Dec-21,49272
3-Dec-21,53709
2-Dec-21,56517
1-Dec-21,57250
30-Nov-21,56938
29-Nov-21,57845
28-Nov-21,57325
27-Nov-21,54836
26-Nov-21,53738
25-Nov-21,58995
24-Nov-21,57209
23-Nov-21,57602
22-Nov-21,56299
21-Nov-21,58790
20-Nov-21,59739
19-Nov-21,58130
18-Nov-21,57014
17-Nov-21,60386.1
16-Nov-21,60124
15-Nov-21,63562
14-Nov-21,65471
13-Nov-21,64406
12-Nov-21,64156
11-Nov-21,64801
10-Nov-21,64954
9-Nov-21,66935
8-Nov-21,67526
7-Nov-21,63259.1
6-Nov-21,61496
5-Nov-21,61016.4
4-Nov-21,61422.8
3-Nov-21,62904
2-Nov-21,63249
1-Nov-21,60927
31-Oct-21,61330
30-Oct-21,61838.8
29-Oct-21,62235
28-Oct-21,60598
27-Oct-21,58453
26-Oct-21,60290
25-Oct-21,63100
24-Oct-21,60847
23-Oct-21,61302
22-Oct-21,60708
21-Oct-21,62200
20-Oct-21,65988
19-Oct-21,64237
18-Oct-21,62034
17-Oct-21,61511
16-Oct-21,60867.5
15-Oct-21,61709
14-Oct-21,57354
13-Oct-21,57381
12-Oct-21,55967
11-Oct-21,57468
10-Oct-21,54701
9-Oct-21,54978
8-Oct-21,53925
7-Oct-21,53793
6-Oct-21,55331
5-Oct-21,51508
4-Oct-21,49252
3-Oct-21,48243
2-Oct-21,47675
1-Oct-21,48157
30-Sep-21,43830
29-Sep-21,41551
28-Sep-21,41064
27-Sep-21,42191
26-Sep-21,43180
25-Sep-21,42711
24-Sep-21,42878
23-Sep-21,44882
22-Sep-21,43582.6
21-Sep-21,40664
20-Sep-21,43002
19-Sep-21,47239
18-Sep-21,48309
17-Sep-21,47292
16-Sep-21,47786
15-Sep-21,48136
14-Sep-21,47078
13-Sep-21,44960
12-Sep-21,46069
11-Sep-21,45169
10-Sep-21,44852
9-Sep-21,46389
8-Sep-21,46088
7-Sep-21,46778
6-Sep-21,52676
5-Sep-21,51762
4-Sep-21,49899
3-Sep-21,50000
2-Sep-21,49291
1-Sep-21,48844
31-Aug-21,47157
30-Aug-21,47008
29-Aug-21,48800
28-Aug-21,48914
27-Aug-21,49076.1
26-Aug-21,46832
25-Aug-21,48989
24-Aug-21,47714
23-Aug-21,49539
22-Aug-21,49264
21-Aug-21,48868
20-Aug-21,49332
19-Aug-21,46765
18-Aug-21,44744
17-Aug-21,44698
16-Aug-21,45940
15-Aug-21,47031
14-Aug-21,47084
13-Aug-21,47842
12-Aug-21,44423
11-Aug-21,45546
10-Aug-21,45612
9-Aug-21,46293
8-Aug-21,43770
7-Aug-21,44589
6-Aug-21,42830
5-Aug-21,40887
4-Aug-21,39754
3-Aug-21,38207
2-Aug-21,39156
1-Aug-21,39922
31-Jul-21,41409
30-Jul-21,42169
29-Jul-21,40041
28-Jul-21,40004
27-Jul-21,39563
26-Jul-21,37296
25-Jul-21,35407
24-Jul-21,33845
23-Jul-21,33597.1
22-Jul-21,32320
21-Jul-21,32141
20-Jul-21,29806.1
19-Jul-21,30847
18-Jul-21,31824
17-Jul-21,31559
16-Jul-21,31429
15-Jul-21,31857
14-Jul-21,32822.6
13-Jul-21,32727
12-Jul-21,33090
11-Jul-21,34239
10-Jul-21,33506
9-Jul-21,33769
8-Jul-21,32873.9
7-Jul-21,33886
6-Jul-21,34140
5-Jul-21,33668
4-Jul-21,35289
3-Jul-21,34758
2-Jul-21,33816
1-Jul-21,33554.4
30-Jun-21,35043.5
29-Jun-21,35895.9
28-Jun-21,34484
27-Jun-21,34717
26-Jun-21,32359
25-Jun-21,31584
24-Jun-21,34656.6
23-Jun-21,33703
22-Jun-21,32553
21-Jun-21,31761
20-Jun-21,35631
19-Jun-21,35585.8
18-Jun-21,35802
17-Jun-21,38061
16-Jun-21,38332
15-Jun-21,40139
14-Jun-21,40500
13-Jun-21,39004
12-Jun-21,35531
11-Jun-21,37338
10-Jun-21,36649.2
9-Jun-21,37347
8-Jun-21,33415
7-Jun-21,33596
6-Jun-21,35782
5-Jun-21,35543
4-Jun-21,36854
3-Jun-21,39209
2-Jun-21,37590
1-Jun-21,36672.6
31-May-21,37305
30-May-21,35615
29-May-21,34570
28-May-21,35667
27-May-21,38435
26-May-21,39301
25-May-21,38363
24-May-21,38772.9
23-May-21,34730.3
22-May-21,37585
21-May-21,37415
20-May-21,40578
19-May-21,36755
18-May-21,42935
17-May-21,43544
16-May-21,46582.9
15-May-21,46784.9
14-May-21,49917
13-May-21,49747
12-May-21,49725
11-May-21,56715
10-May-21,55851
9-May-21,58276
8-May-21,58894
7-May-21,57349
6-May-21,56451
5-May-21,57477
4-May-21,53264
3-May-21,57147
2-May-21,56605
1-May-21,57774
30-Apr-21,57637
29-Apr-21,53566
28-Apr-21,54860
27-Apr-21,55044
26-Apr-21,54103
25-Apr-21,49116.3
24-Apr-21,50167
23-Apr-21,51139
22-Apr-21,51781.3
21-Apr-21,53822
20-Apr-21,56476
19-Apr-21,55639
18-Apr-21,56163
17-Apr-21,59970
16-Apr-21,61325
15-Apr-21,63196
14-Apr-21,62942.7
13-Apr-21,63518
12-Apr-21,59900
11-Apr-21,60034.8
10-Apr-21,59823.8
9-Apr-21,58114
8-Apr-21,58110
7-Apr-21,55960
6-Apr-21,57991
5-Apr-21,59145
4-Apr-21,58240
3-Apr-21,57023
2-Apr-21,58959
1-Apr-21,58727.4
31-Mar-21,58796
30-Mar-21,58841
29-Mar-21,57672.3
28-Mar-21,55773
27-Mar-21,55886
26-Mar-21,54992.9
25-Mar-21,51363
24-Mar-21,52347.2
23-Mar-21,54331
22-Mar-21,54074
21-Mar-21,57368
20-Mar-21,58087
19-Mar-21,58074
18-Mar-21,57640
17-Mar-21,58870
16-Mar-21,56924
15-Mar-21,55644
14-Mar-21,59005
13-Mar-21,61207
12-Mar-21,57315
11-Mar-21,57869
10-Mar-21,55955.2
9-Mar-21,54949.4
8-Mar-21,52395
7-Mar-21,51031.2
6-Mar-21,48895
5-Mar-21,48811
4-Mar-21,48368
3-Mar-21,50425
2-Mar-21,48526
1-Mar-21,49572
28-Feb-21,45300
27-Feb-21,46217
26-Feb-21,46319
25-Feb-21,47144
24-Feb-21,49715
23-Feb-21,48888
22-Feb-21,54078
21-Feb-21,57376
20-Feb-21,55838
19-Feb-21,55847
18-Feb-21,51566
17-Feb-21,52060
16-Feb-21,49225
15-Feb-21,47941
14-Feb-21,48587
13-Feb-21,47177
12-Feb-21,47389
11-Feb-21,47966
10-Feb-21,44835
9-Feb-21,46486
8-Feb-21,46440
7-Feb-21,38841
6-Feb-21,39257
5-Feb-21,38260
4-Feb-21,36975
3-Feb-21,37677
2-Feb-21,35563
1-Feb-21,33559
31-Jan-21,33141
30-Jan-21,34334
29-Jan-21,34280.7
28-Jan-21,33331
27-Jan-21,30454
26-Jan-21,32519
25-Jan-21,32268.1
24-Jan-21,32298
23-Jan-21,32099
22-Jan-21,33062
21-Jan-21,30873
20-Jan-21,35521.1
19-Jan-21,35958
18-Jan-21,36699
17-Jan-21,35903
16-Jan-21,36055
15-Jan-21,36741
14-Jan-21,39170
13-Jan-21,37375
12-Jan-21,34103
11-Jan-21,35476
10-Jan-21,38226
9-Jan-21,40171
8-Jan-21,40509
7-Jan-21,39407
6-Jan-21,36755
5-Jan-21,33996
4-Jan-21,32020
3-Jan-21,32971
2-Jan-21,32185
1-Jan-21,29346
31-Dec-20,28933
30-Dec-20,28880
29-Dec-20,27315
28-Dec-20,27058
27-Dec-20,26241
26-Dec-20,26412
25-Dec-20,24717
24-Dec-20,23735
23-Dec-20,23234
22-Dec-20,23805
21-Dec-20,22701
20-Dec-20,23427
19-Dec-20,23804
18-Dec-20,23127
17-Dec-20,22806.6
16-Dec-20,21322
15-Dec-20,19459
14-Dec-20,19281
13-Dec-20,19180
12-Dec-20,18810.6
11-Dec-20,18050
10-Dec-20,18260
9-Dec-20,18560
8-Dec-20,18335
7-Dec-20,19196
6-Dec-20,19410
5-Dec-20,19157
4-Dec-20,18657
3-Dec-20,19447
2-Dec-20,19241
1-Dec-20,18807
30-Nov-20,19686
29-Nov-20,18196
28-Nov-20,17746
27-Nov-20,17169.3
26-Nov-20,17219
25-Nov-20,18730
24-Nov-20,19134.8
23-Nov-20,18373
22-Nov-20,18399
21-Nov-20,18660
20-Nov-20,18669
19-Nov-20,17810
18-Nov-20,17773
17-Nov-20,17674.9
16-Nov-20,16710
15-Nov-20,15962.2
14-Nov-20,16058.3
13-Nov-20,16310
12-Nov-20,16294
11-Nov-20,15710
10-Nov-20,15312
9-Nov-20,15329
8-Nov-20,15501
7-Nov-20,14844.1
6-Nov-20,15571.7
5-Nov-20,15574
4-Nov-20,14160
3-Nov-20,14025
2-Nov-20,13563
1-Nov-20,13756
31-Oct-20,13788
30-Oct-20,13568
29-Oct-20,13451
28-Oct-20,13272
27-Oct-20,13626.3
26-Oct-20,13061
25-Oct-20,13037
24-Oct-20,13132
23-Oct-20,12935
22-Oct-20,12988
21-Oct-20,12825
20-Oct-20,11925
19-Oct-20,11757
18-Oct-20,11518
17-Oct-20,11375
16-Oct-20,11325
15-Oct-20,11509
14-Oct-20,11440
13-Oct-20,11442
12-Oct-20,11560
11-Oct-20,11385
10-Oct-20,11308
9-Oct-20,11071
8-Oct-20,10943
7-Oct-20,10687
6-Oct-20,10613.7
5-Oct-20,10807
4-Oct-20,10687
3-Oct-20,10558.6
2-Oct-20,10586
1-Oct-20,10634
30-Sep-20,10794
29-Sep-20,10856
28-Sep-20,10712
27-Sep-20,10803
26-Sep-20,10750
25-Sep-20,10708
24-Sep-20,10754
23-Sep-20,10263
22-Sep-20,10549
21-Sep-20,10434
20-Sep-20,10934.5
19-Sep-20,11099
18-Sep-20,10957.2
17-Sep-20,10959
16-Sep-20,10971.3
15-Sep-20,10797
14-Sep-20,10686
13-Sep-20,10331
12-Sep-20,10458
11-Sep-20,10405
10-Sep-20,10355
9-Sep-20,10240
8-Sep-20,10149.8
7-Sep-20,10397
6-Sep-20,10276
5-Sep-20,10197
4-Sep-20,10484.7
3-Sep-20,10170
2-Sep-20,11408
1-Sep-20,11942
31-Aug-20,11671
30-Aug-20,11729.9
29-Aug-20,11492
28-Aug-20,11545
27-Aug-20,11343
26-Aug-20,11471
25-Aug-20,11341
24-Aug-20,11768
23-Aug-20,11663
22-Aug-20,11685
21-Aug-20,11531
20-Aug-20,11884
19-Aug-20,11778
18-Aug-20,11961.8
17-Aug-20,12300
16-Aug-20,11925
15-Aug-20,11873.4
14-Aug-20,11761
13-Aug-20,11792.5
12-Aug-20,11591
11-Aug-20,11379.8
10-Aug-20,11892
9-Aug-20,11675.7
8-Aug-20,11764
7-Aug-20,11580
6-Aug-20,11759
5-Aug-20,11735.8
4-Aug-20,11184
3-Aug-20,11226.5
2-Aug-20,11053.8
1-Aug-20,11804.7
31-Jul-20,11350
30-Jul-20,11123
29-Jul-20,11117
28-Jul-20,10932
27-Jul-20,11044
26-Jul-20,9948.1
25-Jul-20,9714.9
24-Jul-20,9559.4
23-Jul-20,9615
22-Jul-20,9557.7
21-Jul-20,9402
20-Jul-20,9179.2
19-Jul-20,9231.2
18-Jul-20,9189.1
17-Jul-20,9167.3
16-Jul-20,9149.9
15-Jul-20,9210.1
14-Jul-20,9263.4
13-Jul-20,9252
12-Jul-20,9315.8
11-Jul-20,9246.3
10-Jul-20,9305.7
9-Jul-20,9248.9
8-Jul-20,9447
7-Jul-20,9267.5
6-Jul-20,9361
5-Jul-20,9089.7
4-Jul-20,9147.7
3-Jul-20,9073.9
2-Jul-20,9100
1-Jul-20,9239.9
30-Jun-20,9150.6
29-Jun-20,9194.4
28-Jun-20,9127.8
27-Jun-20,9015.3
26-Jun-20,9173.1
25-Jun-20,9257
24-Jun-20,9312.1
23-Jun-20,9635.1
22-Jun-20,9697.7
21-Jun-20,9298.1
20-Jun-20,9371.3
19-Jun-20,9315.5
18-Jun-20,9400
17-Jun-20,9473.3
16-Jun-20,9534.4
15-Jun-20,9433.9
14-Jun-20,9345.4
13-Jun-20,9480.8
12-Jun-20,9468.3
11-Jun-20,9272.2
10-Jun-20,9898.8
9-Jun-20,9770.8
8-Jun-20,9783.2
7-Jun-20,9746.3
6-Jun-20,9668.4
5-Jun-20,9620.5
4-Jun-20,9790.7
3-Jun-20,9672
2-Jun-20,9530
1-Jun-20,10221
31-May-20,9452.1
30-May-20,9706.4
29-May-20,9426.2
28-May-20,9589.3
27-May-20,9210.3
26-May-20,8845.5
25-May-20,8902
24-May-20,8711.5
23-May-20,9174.6
22-May-20,9162.4
21-May-20,9059.5
20-May-20,9502
19-May-20,9770.1
18-May-20,9714.8
17-May-20,9668.2
16-May-20,9388
15-May-20,9313.3
14-May-20,9791
13-May-20,9312
12-May-20,8811.4
11-May-20,8555
10-May-20,8726
9-May-20,9537.9
8-May-20,9792.8
7-May-20,9979.6
6-May-20,9157.9
5-May-20,9020.1
4-May-20,8865.8
3-May-20,8899.8
2-May-20,8982.3
1-May-20,8822.9
30-Apr-20,8635.3
29-Apr-20,8773.3
28-Apr-20,7755.8
27-Apr-20,7777.7
26-Apr-20,7697.1
25-Apr-20,7538.5
24-Apr-20,7506.8
23-Apr-20,7495.2
22-Apr-20,7133
21-Apr-20,6850
20-Apr-20,6841.9
19-Apr-20,7133.3
18-Apr-20,7269.1
17-Apr-20,7045.8
16-Apr-20,7114.9
15-Apr-20,6633.8
14-Apr-20,6872.4
13-Apr-20,6848.7
12-Apr-20,6913
11-Apr-20,6884.5
10-Apr-20,6875.5
9-Apr-20,7293.5
8-Apr-20,7367
7-Apr-20,7203
6-Apr-20,7346
5-Apr-20,6778
4-Apr-20,6881.6
3-Apr-20,6740.8
2-Apr-20,6818.3
1-Apr-20,6675
31-Mar-20,6427.7
30-Mar-20,6407.6
29-Mar-20,5892.6
28-Mar-20,6249.3
27-Mar-20,6370
26-Mar-20,6750.7
25-Mar-20,6688.2
24-Mar-20,6762
23-Mar-20,6491.2
22-Mar-20,5827
21-Mar-20,6201.8
20-Mar-20,6205.8
19-Mar-20,6173.4
18-Mar-20,5416.2
17-Mar-20,5345.2
16-Mar-20,5058.5
15-Mar-20,5383.2
14-Mar-20,5218.2
13-Mar-20,5625.4
12-Mar-20,4927
11-Mar-20,7969.6
10-Mar-20,7913.8
9-Mar-20,7967.3
8-Mar-20,8074
7-Mar-20,8919
6-Mar-20,9180.6
5-Mar-20,9090.8
4-Mar-20,8788.6
3-Mar-20,8791.1
2-Mar-20,8938.1
1-Mar-20,8565.2
29-Feb-20,8557.3
28-Feb-20,8728
27-Feb-20,8825.8
26-Feb-20,8813.2
25-Feb-20,9327.5
24-Feb-20,9674.1
23-Feb-20,9985
22-Feb-20,9662.4
21-Feb-20,9693.5
20-Feb-20,9608.1
19-Feb-20,9592.2
18-Feb-20,10183
17-Feb-20,9708
16-Feb-20,9929.7
15-Feb-20,9901
14-Feb-20,10335
13-Feb-20,10222
12-Feb-20,10339
11-Feb-20,10247
10-Feb-20,9850.2
9-Feb-20,10151
8-Feb-20,9877.2
7-Feb-20,9805.2
6-Feb-20,9744.9
5-Feb-20,9612
4-Feb-20,9197.4
3-Feb-20,9309.3
2-Feb-20,9353.1
1-Feb-20,9410.6
31-Jan-20,9367.4
30-Jan-20,9512.7
29-Jan-20,9304.2
28-Jan-20,9393.7
27-Jan-20,8912
26-Jan-20,8621.6
25-Jan-20,8353.7
24-Jan-20,8447.1
23-Jan-20,8403.5
22-Jan-20,8663.9
21-Jan-20,8734.1
20-Jan-20,8638.2
19-Jan-20,8694
18-Jan-20,8891.5
17-Jan-20,8875.4
16-Jan-20,8720.6
15-Jan-20,8807.7
14-Jan-20,8775.6
13-Jan-20,8094.5
12-Jan-20,8174.7
11-Jan-20,8013.8
10-Jan-20,8176.3
9-Jan-20,7817.5
8-Jan-20,8036.8
7-Jan-20,8150
6-Jan-20,7757.9
5-Jan-20,7364.6
4-Jan-20,7369.8
3-Jan-20,7367.5
2-Jan-20,6989.4
1-Jan-20,7212.7
31-Dec-19,7208.3
30-Dec-19,7260.9
29-Dec-19,7417.9
28-Dec-19,7334.4
27-Dec-19,7287
26-Dec-19,7232.4
25-Dec-19,7220.1
24-Dec-19,7276.9
23-Dec-19,7347.4
22-Dec-19,7532
21-Dec-19,7166.4
20-Dec-19,7212.9
19-Dec-19,7181.8
18-Dec-19,7323.4
17-Dec-19,6667.1
16-Dec-19,6926.8
15-Dec-19,7152.7
14-Dec-19,7100.8
13-Dec-19,7283.2
12-Dec-19,7224
11-Dec-19,7230.7
10-Dec-19,7254.6
9-Dec-19,7379.5
8-Dec-19,7564.6
7-Dec-19,7543.2
6-Dec-19,7588.3
5-Dec-19,7440
4-Dec-19,7238.2
3-Dec-19,7336
2-Dec-19,7350.3
1-Dec-19,7450.1
30-Nov-19,7599.9
29-Nov-19,7796.6
28-Nov-19,7460.8
27-Nov-19,7549.3
26-Nov-19,7198.3
25-Nov-19,7168
24-Nov-19,6965.3
23-Nov-19,7352.6
22-Nov-19,7323
21-Nov-19,7671.1
20-Nov-19,8126.4
19-Nov-19,8164.9
18-Nov-19,8219.5
17-Nov-19,8537.3
16-Nov-19,8523.5
15-Nov-19,8495.8
14-Nov-19,8655.7
13-Nov-19,8801.1
12-Nov-19,8830
11-Nov-19,8737.7
10-Nov-19,9068.4
9-Nov-19,8828
8-Nov-19,8782.4
7-Nov-19,9208
6-Nov-19,9353
5-Nov-19,9333.9
4-Nov-19,9441.2
3-Nov-19,9222.4
2-Nov-19,9332.1
1-Nov-19,9289.1
31-Oct-19,9185.6
30-Oct-19,9184.3
29-Oct-19,9445.5
28-Oct-19,9225.7
27-Oct-19,9571.8
26-Oct-19,9270.9
25-Oct-19,8679.1
24-Oct-19,7453
23-Oct-19,7493.7
22-Oct-19,8058.9
21-Oct-19,8243.9
20-Oct-19,8260.6
19-Oct-19,7992.9
18-Oct-19,7987.2
17-Oct-19,8092.3
16-Oct-19,8016
15-Oct-19,8191.1
14-Oct-19,8370
13-Oct-19,8305.7
12-Oct-19,8318.3
11-Oct-19,8280
10-Oct-19,8596
9-Oct-19,8607.5
8-Oct-19,8211.2
7-Oct-19,8227
6-Oct-19,7883.1
5-Oct-19,8162.5
4-Oct-19,8170
3-Oct-19,8257.9
2-Oct-19,8413.4
1-Oct-19,8334.9
30-Sep-19,8331.1
29-Sep-19,8090
28-Sep-19,8238.6
27-Sep-19,8213.4
26-Sep-19,8103.6
25-Sep-19,8474.7
24-Sep-19,8547.9
23-Sep-19,9702.6
22-Sep-19,10052
21-Sep-19,10013
20-Sep-19,10198
19-Sep-19,10301
18-Sep-19,10185
17-Sep-19,10214.1
16-Sep-19,10295
15-Sep-19,10322
14-Sep-19,10379
13-Sep-19,10374
12-Sep-19,10452
11-Sep-19,10175
10-Sep-19,10122
9-Sep-19,10318
8-Sep-19,10415
7-Sep-19,10488
6-Sep-19,10317
5-Sep-19,10578.7
4-Sep-19,10590
3-Sep-19,10641
2-Sep-19,10388
1-Sep-19,9779.1
31-Aug-19,9623.9
30-Aug-19,9601
29-Aug-19,9509
28-Aug-19,9727.4
27-Aug-19,10184
26-Aug-19,10377
25-Aug-19,10132
24-Aug-19,10152
23-Aug-19,10408
22-Aug-19,10117
21-Aug-19,10146
20-Aug-19,10793
19-Aug-19,10937
18-Aug-19,10327
17-Aug-19,10228
16-Aug-19,10366
15-Aug-19,10327
14-Aug-19,10067
13-Aug-19,10904
12-Aug-19,11404
11-Aug-19,11586
10-Aug-19,11314
9-Aug-19,11893
8-Aug-19,12060
7-Aug-19,11997
6-Aug-19,11471.2
5-Aug-19,11808
4-Aug-19,10973
3-Aug-19,10822
2-Aug-19,10519
1-Aug-19,10399
31-Jul-19,10088
30-Jul-19,9589
29-Jul-19,9507
28-Jul-19,9519
27-Jul-19,9465.7
26-Jul-19,9842.5
25-Jul-19,9890.1
24-Jul-19,9771
23-Jul-19,9854.9
22-Jul-19,10329
21-Jul-19,10569.4
20-Jul-19,10740
19-Jul-19,10519
18-Jul-19,10622
17-Jul-19,9683.2
16-Jul-19,9410
15-Jul-19,10820
14-Jul-19,10206.8
13-Jul-19,11312
12-Jul-19,11765
11-Jul-19,11340
10-Jul-19,12093
9-Jul-19,12553
8-Jul-19,12301
7-Jul-19,11486
6-Jul-19,11283
5-Jul-19,10998
4-Jul-19,11169
3-Jul-19,11984
2-Jul-19,10866
1-Jul-19,10639
30-Jun-19,10745
29-Jun-19,11921
28-Jun-19,12349
27-Jun-19,11200
26-Jun-19,12876
25-Jun-19,11751
24-Jun-19,11053
23-Jun-19,10916
22-Jun-19,10747.9
21-Jun-19,10236
20-Jun-19,9557.1
19-Jun-19,9305.9
18-Jun-19,9095.9
17-Jun-19,9356
16-Jun-19,8986
15-Jun-19,8856
14-Jun-19,8689.1
13-Jun-19,8227.4
12-Jun-19,8175.4
11-Jun-19,7904.1
10-Jun-19,8013.7
9-Jun-19,7639.2
8-Jun-19,7924.6
7-Jun-19,7991.5
6-Jun-19,7805.6
5-Jun-19,7789.3
4-Jun-19,7692.8
3-Jun-19,8103.4
2-Jun-19,8740
1-Jun-19,8547
31-May-19,8533.3
30-May-19,8269.9
29-May-19,8680.9
28-May-19,8740.9
27-May-19,8806
26-May-19,8729.9
25-May-19,8054.9
24-May-19,7994.9
23-May-19,7872.4
22-May-19,7621.1
21-May-19,7937
20-May-19,7985
19-May-19,8189.5
18-May-19,7260
17-May-19,7415.4
16-May-19,7857
15-May-19,8132.9
14-May-19,7958.3
13-May-19,7753.2
12-May-19,6979.9
11-May-19,7136.4
10-May-19,6438.7
9-May-19,6258.4
8-May-19,6201
7-May-19,6087.9
6-May-19,6027.9
5-May-19,6042
4-May-19,6098.3
3-May-19,6016
2-May-19,5723.8
1-May-19,5629.6
30-Apr-19,5599.5
29-Apr-19,5480.1
28-Apr-19,5486.8
27-Apr-19,5401.8
26-Apr-19,5410.8
25-Apr-19,5219
24-Apr-19,5480.3
23-Apr-19,5550.9
22-Apr-19,5417.8
21-Apr-19,5321.9
20-Apr-19,5340
19-Apr-19,5314
18-Apr-19,5310.8
17-Apr-19,5254.5
16-Apr-19,5234.3
15-Apr-19,5049.2
14-Apr-19,5194.3
13-Apr-19,5101.8
12-Apr-19,5114
11-Apr-19,5065.8
10-Apr-19,5311.7
9-Apr-19,5216.3
8-Apr-19,5312.5
7-Apr-19,5238.1
6-Apr-19,5090.5
5-Apr-19,5080.4
4-Apr-19,4938.9
3-Apr-19,4978
2-Apr-19,4927.1
1-Apr-19,4196.8
31-Mar-19,4167.6
30-Mar-19,4165.1
29-Mar-19,4179
28-Mar-19,4092.6
27-Mar-19,4102.5
26-Mar-19,3991.7
25-Mar-19,3970
24-Mar-19,4041.4
23-Mar-19,4063.2
22-Mar-19,4045.3
21-Mar-19,4044.8
20-Mar-19,4127.2
19-Mar-19,4104.7
18-Mar-19,4073.5
17-Mar-19,4068.9
16-Mar-19,4088
15-Mar-19,4003.1
14-Mar-19,3948.3
13-Mar-19,3947.9
12-Mar-19,3954.1
11-Mar-19,3949
10-Mar-19,4000
9-Mar-19,4017.3
8-Mar-19,3940.5
7-Mar-19,3964.7
6-Mar-19,3951.4
5-Mar-19,3951.6
4-Mar-19,3800
3-Mar-19,3884.8
2-Mar-19,3913
1-Mar-19,3914
28-Feb-19,3894
27-Feb-19,3902.7
26-Feb-19,3896.8
25-Feb-19,3921.8
24-Feb-19,3832
23-Feb-19,4211.7
22-Feb-19,4058.3
21-Feb-19,4008.8
20-Feb-19,4055
19-Feb-19,3989.9
18-Feb-19,3978.1
17-Feb-19,3734.5
16-Feb-19,3676.4
15-Feb-19,3670
14-Feb-19,3656.7
13-Feb-19,3666.1
12-Feb-19,3694.2
11-Feb-19,3681.1
10-Feb-19,3746.3
9-Feb-19,3718.4
8-Feb-19,3724
7-Feb-19,3436.1
6-Feb-19,3452
5-Feb-19,3512.6
4-Feb-19,3490.5
3-Feb-19,3501.7
2-Feb-19,3564.3
1-Feb-19,3536.2
31-Jan-19,3501.1
30-Jan-19,3529.6
29-Jan-19,3477.9
28-Jan-19,3501.9
27-Jan-19,3597.1
26-Jan-19,3630.7
25-Jan-19,3628.9
24-Jan-19,3652.6
23-Jan-19,3619.9
22-Jan-19,3639.1
21-Jan-19,3579.4
20-Jan-19,3586.1
19-Jan-19,3760
18-Jan-19,3675.7
17-Jan-19,3723
16-Jan-19,3671.2
15-Jan-19,3656.5
14-Jan-19,3749.3
13-Jan-19,3591
12-Jan-19,3702
11-Jan-19,3716.1
10-Jan-19,3712.8
9-Jan-19,4083.2
8-Jan-19,4100
7-Jan-19,4113.9
6-Jan-19,4171.5
5-Jan-19,3911
4-Jan-19,3954.9
3-Jan-19,3923.2
2-Jan-19,4048.5
1-Jan-19,3963
31-Dec-18,3830.5
30-Dec-18,3978.3
29-Dec-18,3887
28-Dec-18,4036.7
27-Dec-18,3714.7
26-Dec-18,3929.8
25-Dec-18,3909.7
24-Dec-18,4145.2
23-Dec-18,4075.7
22-Dec-18,4135
21-Dec-18,3976.1
20-Dec-18,4214.5
19-Dec-18,3810
18-Dec-18,3780.1
17-Dec-18,3625.1
16-Dec-18,3299.9
15-Dec-18,3285.1
14-Dec-18,3282.8
13-Dec-18,3354.4
12-Dec-18,3535.6
11-Dec-18,3435.3
10-Dec-18,3524.9
9-Dec-18,3639.6
8-Dec-18,3506
7-Dec-18,3460
6-Dec-18,3531.3
5-Dec-18,3765.3
4-Dec-18,3981.9
3-Dec-18,3901.2
2-Dec-18,4159.7
1-Dec-18,4243
30-Nov-18,4038.3
29-Nov-18,4312.9
28-Nov-18,4306.3
27-Nov-18,3884.4
26-Nov-18,3858
25-Nov-18,4087.8
24-Nov-18,3929.8
23-Nov-18,4422.7
22-Nov-18,4392.4
21-Nov-18,4666.6
20-Nov-18,4600.1
19-Nov-18,4938.1
18-Nov-18,5659.4
17-Nov-18,5626.7
16-Nov-18,5660.5
15-Nov-18,5753.4
14-Nov-18,5884.6
13-Nov-18,6464.4
12-Nov-18,6446.9
11-Nov-18,6450
10-Nov-18,6431.1
9-Nov-18,6420.2
8-Nov-18,6479.6
7-Nov-18,6572.7
6-Nov-18,6515.2
5-Nov-18,6470.1
4-Nov-18,6485.2
3-Nov-18,6387.9
2-Nov-18,6426.9
1-Nov-18,6399.7
31-Oct-18,6368.4
30-Oct-18,6330.1
29-Oct-18,6344
28-Oct-18,6490.1
27-Oct-18,6500.2
26-Oct-18,6531.5
25-Oct-18,6528.1
24-Oct-18,6554.1
23-Oct-18,6550
22-Oct-18,6567.2
21-Oct-18,6591.6
20-Oct-18,6586.7
19-Oct-18,6527.3
18-Oct-18,6613
17-Oct-18,6737.1
16-Oct-18,6754.1
15-Oct-18,6742
14-Oct-18,6335.2
13-Oct-18,6326.5
12-Oct-18,6293.2
11-Oct-18,6252
10-Oct-18,6630.2
9-Oct-18,6663
8-Oct-18,6673.2
7-Oct-18,6601
6-Oct-18,6592
5-Oct-18,6644.7
4-Oct-18,6580.1
3-Oct-18,6503.2
2-Oct-18,6533.3
1-Oct-18,6601.9
30-Sep-18,6618.1
29-Sep-18,6604.6
28-Sep-18,6635.1
27-Sep-18,6692.5
26-Sep-18,6462.4
25-Sep-18,6434.7
24-Sep-18,6585
23-Sep-18,6710
22-Sep-18,6723
21-Sep-18,6762.7
20-Sep-18,6500.5
19-Sep-18,6390.9
18-Sep-18,6342.8
17-Sep-18,6254.2
16-Sep-18,6498.5
15-Sep-18,6513.6
14-Sep-18,6485
13-Sep-18,6475.6
12-Sep-18,6332
11-Sep-18,6290.8
10-Sep-18,6308
9-Sep-18,6239.9
8-Sep-18,6185
7-Sep-18,6404.1
6-Sep-18,6515.6
5-Sep-18,6710.5
4-Sep-18,7358.9
3-Sep-18,7268
2-Sep-18,7290.4
1-Sep-18,7197.5
31-Aug-18,7025.9
30-Aug-18,6994.7
29-Aug-18,7045.7
28-Aug-18,7079.7
27-Aug-18,6909.5
26-Aug-18,6708.4
25-Aug-18,6732.9
24-Aug-18,6695.9
23-Aug-18,6527.2
22-Aug-18,6354.9
21-Aug-18,6479.1
20-Aug-18,6255.9
19-Aug-18,6485.1
18-Aug-18,6391.2
17-Aug-18,6583.3
16-Aug-18,6314
15-Aug-18,6270.1
14-Aug-18,6189
13-Aug-18,6251.9
12-Aug-18,6313.9
11-Aug-18,6232.7
10-Aug-18,6146.8
9-Aug-18,6529.1
8-Aug-18,6279.2
7-Aug-18,6720.5
6-Aug-18,6941.3
5-Aug-18,7025.8
4-Aug-18,7013.2
3-Aug-18,7420
2-Aug-18,7535.2
1-Aug-18,7608.8
31-Jul-18,7730.6
30-Jul-18,8179.6
29-Jul-18,8221
28-Jul-18,8246.4
27-Jul-18,8185.7
26-Jul-18,7939
25-Jul-18,8176
24-Jul-18,8394.5
23-Jul-18,7719.8
22-Jul-18,7400.5
21-Jul-18,7403.3
20-Jul-18,7333.1
19-Jul-18,7473.5
18-Jul-18,7379.4
17-Jul-18,7319.8
16-Jul-18,6729.2
15-Jul-18,6347.2
14-Jul-18,6250.1
13-Jul-18,6220
12-Jul-18,6249
11-Jul-18,6377.8
10-Jul-18,6301.5
9-Jul-18,6666.7
8-Jul-18,6707
7-Jul-18,6761.7
6-Jul-18,6602.1
5-Jul-18,6540.2
4-Jul-18,6590
3-Jul-18,6500
2-Jul-18,6581.3
1-Jul-18,6349.7
30-Jun-18,6391.5
29-Jun-18,6208.1
28-Jun-18,5850
27-Jun-18,6133.1
26-Jun-18,6078.5
25-Jun-18,6246.6
24-Jun-18,6148
23-Jun-18,6152
22-Jun-18,6042.6
21-Jun-18,6713.5
20-Jun-18,6760.4
19-Jun-18,6737.5
18-Jun-18,6709.2
17-Jun-18,6435.7
16-Jun-18,6485.9
15-Jun-18,6385
14-Jun-18,6633.7
13-Jun-18,6295.2
12-Jun-18,6543.9
11-Jun-18,6873.3
10-Jun-18,6757.3
9-Jun-18,7498.6
8-Jun-18,7615.1
7-Jun-18,7688.9
6-Jun-18,7654
5-Jun-18,7621.7
4-Jun-18,7488.3
3-Jun-18,7718
2-Jun-18,7638.1
1-Jun-18,7521
31-May-18,7485.8
30-May-18,7375.1
29-May-18,7460
28-May-18,7097.9
27-May-18,7339.7
26-May-18,7330.3
25-May-18,7458
24-May-18,7576.7
23-May-18,7494.8
22-May-18,7977.3
21-May-18,8393.4
20-May-18,8523.7
19-May-18,8232.3
18-May-18,8239
17-May-18,8051.8
16-May-18,8336.1
15-May-18,8467.5
14-May-18,8670.8
13-May-18,8683.6
12-May-18,8462.7
11-May-18,8412.4
10-May-18,9018.7
9-May-18,9318.2
8-May-18,9184.7
7-May-18,9370
6-May-18,9658.7
5-May-18,9859.6
4-May-18,9702.8
3-May-18,9762.1
2-May-18,9236.4
1-May-18,9067
30-Apr-18,9240
29-Apr-18,9398.6
28-Apr-18,9345.3
27-Apr-18,8920.1
26-Apr-18,9279.3
25-Apr-18,8878.4
24-Apr-18,9644.4
23-Apr-18,8940
22-Apr-18,8800
21-Apr-18,8919.1
20-Apr-18,8866.1
19-Apr-18,8272.8
18-Apr-18,8166.3
17-Apr-18,7889.9
16-Apr-18,8056.2
15-Apr-18,8354.1
14-Apr-18,8002.9
13-Apr-18,7885.8
12-Apr-18,7912
11-Apr-18,6943.1
10-Apr-18,6839.3
9-Apr-18,6764.6
8-Apr-18,7023.9
7-Apr-18,6892.6
6-Apr-18,6610.2
5-Apr-18,6765
4-Apr-18,6785.9
3-Apr-18,7405.6
2-Apr-18,7052.7
1-Apr-18,6810
31-Mar-18,6925.3
30-Mar-18,6840.4
29-Mar-18,7094
28-Mar-18,7936.1
27-Mar-18,7784.5
26-Mar-18,8119.1
25-Mar-18,8445.1
24-Mar-18,8535
23-Mar-18,8908
22-Mar-18,8706.4
21-Mar-18,8900.1
20-Mar-18,8899.7
19-Mar-18,8600.1
18-Mar-18,8200.2
17-Mar-18,7851
16-Mar-18,8251
15-Mar-18,8252.9
14-Mar-18,8186.6
13-Mar-18,9135
12-Mar-18,9121
11-Mar-18,9528
10-Mar-18,8762
9-Mar-18,9217
8-Mar-18,9300
7-Mar-18,9902.9
6-Mar-18,10720
5-Mar-18,11416
4-Mar-18,11501
3-Mar-18,11440
2-Mar-18,11025
1-Mar-18,10925
28-Feb-18,10315
27-Feb-18,10569
26-Feb-18,10321
25-Feb-18,9557.4
24-Feb-18,9666.3
23-Feb-18,10145
22-Feb-18,9830
21-Feb-18,10455
20-Feb-18,11218
19-Feb-18,11173
18-Feb-18,10372
17-Feb-18,11053.5
16-Feb-18,10162
15-Feb-18,9996.9
14-Feb-18,9455.4
13-Feb-18,8515.9
12-Feb-18,8900.6
11-Feb-18,8069
10-Feb-18,8563.1
9-Feb-18,8683.2
8-Feb-18,8235.1
7-Feb-18,7587
6-Feb-18,7673.8
5-Feb-18,6949.9
4-Feb-18,8200
3-Feb-18,9219.4
2-Feb-18,8895.8
1-Feb-18,9181.1
31-Jan-18,10284
30-Jan-18,10175
29-Jan-18,11212
28-Jan-18,11839
27-Jan-18,11461
26-Jan-18,11070
25-Jan-18,11146
24-Jan-18,11414
23-Jan-18,10819
22-Jan-18,10771
21-Jan-18,11514
20-Jan-18,12728
19-Jan-18,11476
18-Jan-18,11045
17-Jan-18,11082
16-Jan-18,11072
15-Jan-18,13575
14-Jan-18,13558
13-Jan-18,14191
12-Jan-18,13783
11-Jan-18,13266
10-Jan-18,14896
9-Jan-18,14423
8-Jan-18,14930
7-Jan-18,16196
6-Jan-18,17161
5-Jan-18,16917
4-Jan-18,15160
3-Jan-18,15155
2-Jan-18,14709.8
1-Jan-18,13354
31-Dec-17,13800
30-Dec-17,12377
29-Dec-17,14317
28-Dec-17,14315
27-Dec-17,15374
26-Dec-17,15679
25-Dec-17,13623
24-Dec-17,13476
23-Dec-17,14035
22-Dec-17,13170
21-Dec-17,15666.8
20-Dec-17,16425
19-Dec-17,17345
18-Dec-17,18934
17-Dec-17,18971
16-Dec-17,19187
15-Dec-17,17522
14-Dec-17,16383
13-Dec-17,16181
12-Dec-17,16967
11-Dec-17,16754
10-Dec-17,14997
9-Dec-17,14660
8-Dec-17,15869
7-Dec-17,16601
6-Dec-17,13527
5-Dec-17,11595
4-Dec-17,11595
3-Dec-17,11157
2-Dec-17,10881
1-Dec-17,10869
30-Nov-17,9907
29-Nov-17,9749.4
28-Nov-17,9898
27-Nov-17,9728.8
26-Nov-17,9316
25-Nov-17,8766.2
24-Nov-17,8191.6
23-Nov-17,7977.1
22-Nov-17,8230.1
21-Nov-17,8097.3
20-Nov-17,8245.1
19-Nov-17,8054.2
18-Nov-17,7773.3
17-Nov-17,7677.9
16-Nov-17,7864.2
15-Nov-17,7278.3
14-Nov-17,6579.2
13-Nov-17,6474.6
12-Nov-17,5822.1
11-Nov-17,6300.7
10-Nov-17,6542.2
9-Nov-17,7126.2
8-Nov-17,7442.4
7-Nov-17,7103.3
6-Nov-17,6955
5-Nov-17,7382
4-Nov-17,7369
3-Nov-17,7278.4
2-Nov-17,7019.9
1-Nov-17,6727.3
31-Oct-17,6458.3
30-Oct-17,6125.3
29-Oct-17,6156
28-Oct-17,5720.6
27-Oct-17,5759.6
26-Oct-17,5890
25-Oct-17,5720
24-Oct-17,5509.5
23-Oct-17,5906.9
22-Oct-17,5980.5
21-Oct-17,6005.1
20-Oct-17,5984.5
19-Oct-17,5694
18-Oct-17,5565
17-Oct-17,5597.1
16-Oct-17,5764.4
15-Oct-17,5698.6
14-Oct-17,5835
13-Oct-17,5636.8
12-Oct-17,5428.5
11-Oct-17,4824.9
10-Oct-17,4777
9-Oct-17,4782.3
8-Oct-17,4613.1
7-Oct-17,4436
6-Oct-17,4371
5-Oct-17,4315.4
4-Oct-17,4215.1
3-Oct-17,4311.1
2-Oct-17,4400.1
1-Oct-17,4404.3
30-Sep-17,4367
29-Sep-17,4169.9
28-Sep-17,4190
27-Sep-17,4205.4
26-Sep-17,3879.1
25-Sep-17,3930
24-Sep-17,3652.8
23-Sep-17,3779.6
22-Sep-17,3598.5
21-Sep-17,3603.4
20-Sep-17,3873.2
19-Sep-17,3900
18-Sep-17,4084.1
17-Sep-17,3666.3
16-Sep-17,3685.4
15-Sep-17,3698
14-Sep-17,3238.1
13-Sep-17,3849.7
12-Sep-17,4142.9
11-Sep-17,4203
10-Sep-17,4232.1
9-Sep-17,4317.9
8-Sep-17,4305.8
7-Sep-17,4613.5
6-Sep-17,4589.1
5-Sep-17,4374.9
4-Sep-17,4200.4
3-Sep-17,4595
2-Sep-17,4534.4
1-Sep-17,4904.9
31-Aug-17,4718.2
30-Aug-17,4569
29-Aug-17,4587.1
28-Aug-17,4383.8
27-Aug-17,4331.8
26-Aug-17,4341.7
25-Aug-17,4351.5
24-Aug-17,4325.2
23-Aug-17,4129.1
22-Aug-17,4074
21-Aug-17,4002.5
20-Aug-17,4064.3
19-Aug-17,4145.1
18-Aug-17,4090.2
17-Aug-17,4260
16-Aug-17,4386.3
15-Aug-17,4151.9
14-Aug-17,4319.5
13-Aug-17,4053.3
12-Aug-17,3865.5
11-Aug-17,3644.1
10-Aug-17,3407.9
9-Aug-17,3339.9
8-Aug-17,3415
7-Aug-17,3396.7
6-Aug-17,3227.9
5-Aug-17,3256.4
4-Aug-17,2860
3-Aug-17,2790.3
2-Aug-17,2702
1-Aug-17,2731.2
31-Jul-17,2856
30-Jul-17,2749
29-Jul-17,2714.1
28-Jul-17,2784.8
27-Jul-17,2664.9
26-Jul-17,2525.7
25-Jul-17,2560.9
24-Jul-17,2769.7
23-Jul-17,2747.5
22-Jul-17,2845.7
21-Jul-17,2664
20-Jul-17,2856.3
19-Jul-17,2253.1
18-Jul-17,2302.1
17-Jul-17,2219
16-Jul-17,1924.9
15-Jul-17,1978.6
14-Jul-17,2205.1
13-Jul-17,2329
12-Jul-17,2374.4
11-Jul-17,2282.1
10-Jul-17,2318.3
9-Jul-17,2478
8-Jul-17,2542
7-Jul-17,2479.3
6-Jul-17,2593.1
5-Jul-17,2598.5
4-Jul-17,2582.6
3-Jul-17,2524
2-Jul-17,2445
1-Jul-17,2349.5
30-Jun-17,2420.7
29-Jun-17,2470.1
28-Jun-17,2518.2
27-Jun-17,2521.2
26-Jun-17,2394.6
25-Jun-17,2477.7
24-Jun-17,2502.6
23-Jun-17,2674.9
22-Jun-17,2672.8
21-Jun-17,2621.2
20-Jun-17,2712.2
19-Jun-17,2580.8
18-Jun-17,2491.5
17-Jun-17,2610
16-Jun-17,2437
15-Jun-17,2377.4
14-Jun-17,2395
13-Jun-17,2676.4
12-Jun-17,2571.8
11-Jun-17,2936.3
10-Jun-17,2806
9-Jun-17,2809
8-Jun-17,2782.1
7-Jun-17,2642.6
6-Jun-17,2843.6
5-Jun-17,2636.2
4-Jun-17,2488.2
3-Jun-17,2461
2-Jun-17,2405.9
1-Jun-17,2311.6
31-May-17,2191.8
30-May-17,2146.7
29-May-17,2207.4
28-May-17,2056.6
27-May-17,1972.3
26-May-17,2127.3
25-May-17,2252
24-May-17,2394.8
23-May-17,2249.3
22-May-17,2085.5
21-May-17,2029.2
20-May-17,2059.7
19-May-17,1966.5
18-May-17,1941.5
17-May-17,1870
16-May-17,1785.7
15-May-17,1772.5
14-May-17,1828.1
13-May-17,1820.4
12-May-17,1735
11-May-17,1853.9
10-May-17,1796.8
9-May-17,1760
8-May-17,1703.2
7-May-17,1619.9
6-May-17,1597.1
5-May-17,1545.1
4-May-17,1607.1
3-May-17,1617.8
2-May-17,1560
1-May-17,1533.1
30-Apr-17,1435.2
29-Apr-17,1423.6
28-Apr-17,1415.6
27-Apr-17,1440.3
26-Apr-17,1399.3
25-Apr-17,1370.3
24-Apr-17,1345
23-Apr-17,1355.2
22-Apr-17,1347.5
21-Apr-17,1325.6
20-Apr-17,1308.4
19-Apr-17,1260.5
18-Apr-17,1265.4
17-Apr-17,1240
16-Apr-17,1212
15-Apr-17,1193.3
14-Apr-17,1206.8
13-Apr-17,1187
12-Apr-17,1227.4
11-Apr-17,1235.6
10-Apr-17,1220.3
9-Apr-17,1215.9
8-Apr-17,1188.1
7-Apr-17,1196.6
6-Apr-17,1191.5
5-Apr-17,1140.6
4-Apr-17,1145
3-Apr-17,1150.2
2-Apr-17,1107.6
1-Apr-17,1093.2
31-Mar-17,1081.7
30-Mar-17,1041
29-Mar-17,1041.8
28-Mar-17,1044.7
27-Mar-17,1042.7
26-Mar-17,969
25-Mar-17,972.2
24-Mar-17,943.1
23-Mar-17,1033
22-Mar-17,1039.1
21-Mar-17,1115
20-Mar-17,1039
19-Mar-17,1016.1
18-Mar-17,971
17-Mar-17,1068.4
16-Mar-17,1169
15-Mar-17,1256.1
14-Mar-17,1245
13-Mar-17,1238.5
12-Mar-17,1225.2
11-Mar-17,1172.8
10-Mar-17,1113.6
9-Mar-17,1190.4
8-Mar-17,1149.3
7-Mar-17,1232.4
6-Mar-17,1279.3
5-Mar-17,1278.4
4-Mar-17,1267.8
3-Mar-17,1288.2
2-Mar-17,1262.3
1-Mar-17,1232.8
28-Feb-17,1189.1
27-Feb-17,1195.5
26-Feb-17,1178.3
25-Feb-17,1153
24-Feb-17,1185.1
23-Feb-17,1190.9
22-Feb-17,1125.3
21-Feb-17,1129.6
20-Feb-17,1091.2
19-Feb-17,1056.2
18-Feb-17,1059.8
17-Feb-17,1056.2
16-Feb-17,1038.4
15-Feb-17,1013.8
14-Feb-17,1013.7
13-Feb-17,996.5
12-Feb-17,996
11-Feb-17,1000.3
10-Feb-17,992
9-Feb-17,985
8-Feb-17,1048.8
7-Feb-17,1052.1
6-Feb-17,1022.6
5-Feb-17,1006.6
4-Feb-17,1031.1
3-Feb-17,1015.7
2-Feb-17,1005.7
1-Feb-17,983.7
31-Jan-17,966.2
30-Jan-17,917.4
29-Jan-17,912.6
28-Jan-17,919.4
27-Jan-17,916.7
26-Jan-17,915.1
25-Jan-17,893.3
24-Jan-17,886.1
23-Jan-17,910
22-Jan-17,923.7
21-Jan-17,924
20-Jan-17,896
19-Jan-17,900.3
18-Jan-17,887.8
17-Jan-17,904
16-Jan-17,830.1
15-Jan-17,820.7
14-Jan-17,815.3
13-Jan-17,828.1
12-Jan-17,804.6
11-Jan-17,778.6
10-Jan-17,905.8
9-Jan-17,903
8-Jan-17,915.9
7-Jan-17,908.8
6-Jan-17,898
5-Jan-17,1003.2
4-Jan-17,1139.6
3-Jan-17,1037.5
2-Jan-17,1019.3
1-Jan-17,999
31-Dec-16,966.6
30-Dec-16,959.3
29-Dec-16,972.6
28-Dec-16,981.7
27-Dec-16,936.3
26-Dec-16,906.4
25-Dec-16,898
24-Dec-16,895.2
23-Dec-16,919
22-Dec-16,859.2
21-Dec-16,830
20-Dec-16,798
19-Dec-16,790.6
18-Dec-16,790.2
17-Dec-16,791
16-Dec-16,784.2
15-Dec-16,777.4
14-Dec-16,774.5
13-Dec-16,775
12-Dec-16,778
11-Dec-16,770.2
10-Dec-16,772.9
9-Dec-16,770.5
8-Dec-16,765
7-Dec-16,765
6-Dec-16,757.4
5-Dec-16,750.6
4-Dec-16,768.5
3-Dec-16,765.3
2-Dec-16,774.9
1-Dec-16,755.4
30-Nov-16,739
29-Nov-16,731
28-Nov-16,731.5
27-Nov-16,725
26-Nov-16,731.2
25-Nov-16,740.4
24-Nov-16,737.7
23-Nov-16,742
22-Nov-16,750
21-Nov-16,739
20-Nov-16,729.7
19-Nov-16,752.9
18-Nov-16,754
17-Nov-16,740.7
16-Nov-16,745
15-Nov-16,712.2
14-Nov-16,707.4
13-Nov-16,708.1
12-Nov-16,703.8
11-Nov-16,714.8
10-Nov-16,714.9
9-Nov-16,723.8
8-Nov-16,714
7-Nov-16,707.8
6-Nov-16,713
5-Nov-16,708.4
4-Nov-16,708.4
3-Nov-16,690.1
2-Nov-16,737.9
1-Nov-16,734.2
31-Oct-16,704.1
30-Oct-16,702.5
29-Oct-16,714.5
28-Oct-16,693.5
27-Oct-16,688.7
26-Oct-16,678.7
25-Oct-16,659.5
24-Oct-16,654.7
23-Oct-16,659
22-Oct-16,665
21-Oct-16,636.7
20-Oct-16,632.5
19-Oct-16,631.8
18-Oct-16,638.8
17-Oct-16,639.8
16-Oct-16,644.2
15-Oct-16,640.2
14-Oct-16,643
13-Oct-16,637
12-Oct-16,637.6
11-Oct-16,641.7
10-Oct-16,618.9
9-Oct-16,616.6
8-Oct-16,620.5
7-Oct-16,620.1
6-Oct-16,613.5
5-Oct-16,614.1
4-Oct-16,611
3-Oct-16,612.6
2-Oct-16,609.1
1-Oct-16,614.1
30-Sep-16,611.1
29-Sep-16,604.6
28-Sep-16,603.8
27-Sep-16,605.5
26-Sep-16,609.1
25-Sep-16,600.4
24-Sep-16,602.5
23-Sep-16,603.3
22-Sep-16,597.1
21-Sep-16,597.4
20-Sep-16,600
19-Sep-16,609.8
18-Sep-16,613
17-Sep-16,607.7
16-Sep-16,610
15-Sep-16,611.8
14-Sep-16,613.9
13-Sep-16,614.2
12-Sep-16,611.6
11-Sep-16,612.1
10-Sep-16,628
9-Sep-16,626.3
8-Sep-16,631.7
7-Sep-16,619.8
6-Sep-16,615.2
5-Sep-16,611.5
4-Sep-16,614.5
3-Sep-16,609.9
2-Sep-16,579.8
1-Sep-16,572.7
31-Aug-16,576.2
30-Aug-16,579.5
29-Aug-16,574.8
28-Aug-16,574.2
27-Aug-16,568.5
26-Aug-16,578
25-Aug-16,577.2
24-Aug-16,580.3
23-Aug-16,583.5
22-Aug-16,588
21-Aug-16,581.4
20-Aug-16,582
19-Aug-16,573.5
18-Aug-16,572.2
17-Aug-16,571.8
16-Aug-16,574.2
15-Aug-16,564.6
14-Aug-16,569.4
13-Aug-16,583.7
12-Aug-16,585.5
11-Aug-16,591.3
10-Aug-16,590.3
9-Aug-16,604.1
8-Aug-16,604.1
7-Aug-16,604.1
6-Aug-16,604.1
5-Aug-16,604.1
4-Aug-16,604.1
3-Aug-16,604.1
2-Aug-16,604
1-Aug-16,608
31-Jul-16,623.7
30-Jul-16,655
29-Jul-16,658.3
28-Jul-16,656.4
27-Jul-16,654.5
26-Jul-16,648.5
25-Jul-16,654.2
24-Jul-16,661.8
23-Jul-16,654
22-Jul-16,648
21-Jul-16,665
20-Jul-16,665.8
19-Jul-16,675
18-Jul-16,674.3
17-Jul-16,683.2
16-Jul-16,665.3
15-Jul-16,665.5
14-Jul-16,659.8
13-Jul-16,653.7
12-Jul-16,667.2
11-Jul-16,648
10-Jul-16,649.7
9-Jul-16,648.1
8-Jul-16,664.8
7-Jul-16,640.5
6-Jul-16,677
5-Jul-16,667.8
4-Jul-16,681.3
3-Jul-16,659.3
2-Jul-16,705
1-Jul-16,674.8
30-Jun-16,674.7
29-Jun-16,639.7
28-Jun-16,646.3
27-Jun-16,662.2
26-Jun-16,627.4
25-Jun-16,664.9
24-Jun-16,666
23-Jun-16,625.8
22-Jun-16,606
21-Jun-16,668.9
20-Jun-16,743.9
19-Jun-16,767.3
18-Jun-16,757.6
17-Jun-16,748.7
16-Jun-16,769.5
15-Jun-16,696.9
14-Jun-16,684.5
13-Jun-16,705.9
12-Jun-16,671
11-Jun-16,614.5
10-Jun-16,580.1
9-Jun-16,575.5
8-Jun-16,583
7-Jun-16,576.9
6-Jun-16,585.2
5-Jun-16,574
4-Jun-16,572.7
3-Jun-16,570.9
2-Jun-16,538.8
1-Jun-16,536.8
31-May-16,530.7
30-May-16,532.9
29-May-16,531
28-May-16,527
27-May-16,472
26-May-16,454
25-May-16,449.1
24-May-16,445
23-May-16,443.7
22-May-16,437.5
21-May-16,440.8
20-May-16,441.6
19-May-16,435
18-May-16,453.5
17-May-16,453.2
16-May-16,453
15-May-16,457.9
14-May-16,455.8
13-May-16,455.8
12-May-16,455
11-May-16,452.3
10-May-16,450.7
9-May-16,461.6
8-May-16,459.9
7-May-16,460.2
6-May-16,461.2
5-May-16,448.4
4-May-16,447.4
3-May-16,450.4
2-May-16,443.7
1-May-16,451.1
30-Apr-16,446.6
29-Apr-16,455.3
28-Apr-16,450.5
27-Apr-16,445.1
26-Apr-16,468.1
25-Apr-16,461.8
24-Apr-16,463
23-Apr-16,453.7
22-Apr-16,447.8
21-Apr-16,452
20-Apr-16,444
19-Apr-16,437.8
18-Apr-16,430
17-Apr-16,428.5
16-Apr-16,432
15-Apr-16,431.5
14-Apr-16,426
13-Apr-16,424.8
12-Apr-16,426.6
11-Apr-16,423.7
10-Apr-16,421.3
9-Apr-16,418.5
8-Apr-16,418.5
7-Apr-16,422.3
6-Apr-16,422.6
5-Apr-16,423.8
4-Apr-16,420.5
3-Apr-16,420.6
2-Apr-16,420.3
1-Apr-16,417.6
31-Mar-16,416
30-Mar-16,413.2
29-Mar-16,415.8
28-Mar-16,424.1
27-Mar-16,427.4
26-Mar-16,416.7
25-Mar-16,416
24-Mar-16,415.3
23-Mar-16,418.1
22-Mar-16,417.7
21-Mar-16,411.9
20-Mar-16,411.3
19-Mar-16,408.4
18-Mar-16,407.7
17-Mar-16,418.8
16-Mar-16,417.3
15-Mar-16,415.5
14-Mar-16,416
13-Mar-16,411.8
12-Mar-16,410
11-Mar-16,420.5
10-Mar-16,416.5
9-Mar-16,412.9
8-Mar-16,411.4
7-Mar-16,412.7
6-Mar-16,403.9
5-Mar-16,397.4
4-Mar-16,408.8
3-Mar-16,420.6
2-Mar-16,422.2
1-Mar-16,434.8
29-Feb-16,439.2
28-Feb-16,434.5
27-Feb-16,434.2
26-Feb-16,435.3
25-Feb-16,424.9
24-Feb-16,426.4
23-Feb-16,421.1
22-Feb-16,440.3
21-Feb-16,440.5
20-Feb-16,438.7
19-Feb-16,420
18-Feb-16,421.5
17-Feb-16,414.9
16-Feb-16,407.3
15-Feb-16,399.9
14-Feb-16,408.3
13-Feb-16,393
12-Feb-16,383
11-Feb-16,378
10-Feb-16,380.9
9-Feb-16,374
8-Feb-16,370.5
7-Feb-16,372
6-Feb-16,373.8
5-Feb-16,386.5
4-Feb-16,389.8
3-Feb-16,369
2-Feb-16,372.9
1-Feb-16,371.4
31-Jan-16,365.5
30-Jan-16,377
29-Jan-16,377.6
28-Jan-16,378.4
27-Jan-16,395
26-Jan-16,391.3
25-Jan-16,391
24-Jan-16,402.8
23-Jan-16,385.6
22-Jan-16,381
21-Jan-16,411
20-Jan-16,419.4
19-Jan-16,379
18-Jan-16,387
17-Jan-16,382.1
16-Jan-16,388.4
15-Jan-16,358.9
14-Jan-16,429.3
13-Jan-16,431.1
12-Jan-16,432
11-Jan-16,449.3
10-Jan-16,449.4
9-Jan-16,449.2
8-Jan-16,454
7-Jan-16,459
6-Jan-16,428
5-Jan-16,431.8
4-Jan-16,432.9
3-Jan-16,428.7
2-Jan-16,432.7
1-Jan-16,434
31-Dec-15,429
30-Dec-15,424.7
29-Dec-15,431.9
28-Dec-15,420.2
27-Dec-15,422.4
26-Dec-15,416.5
25-Dec-15,455.5
24-Dec-15,456.1
23-Dec-15,442.6
22-Dec-15,435.6
21-Dec-15,437.9
20-Dec-15,442.6
19-Dec-15,462.5
18-Dec-15,463.5
17-Dec-15,455.8
16-Dec-15,455
15-Dec-15,466.5
14-Dec-15,442.6
13-Dec-15,433
12-Dec-15,435.7
11-Dec-15,456.3
10-Dec-15,414.9
9-Dec-15,418.7
8-Dec-15,420.8
7-Dec-15,396.7
6-Dec-15,390.6
5-Dec-15,390
4-Dec-15,363.2
3-Dec-15,360.7
2-Dec-15,359.1
1-Dec-15,362.7
30-Nov-15,376.9
29-Nov-15,373.3
28-Nov-15,358.7
27-Nov-15,358.9
26-Nov-15,354
25-Nov-15,329.9
24-Nov-15,320.1
23-Nov-15,323.6
22-Nov-15,324.7
21-Nov-15,327.5
20-Nov-15,322.2
19-Nov-15,326.5
18-Nov-15,336
17-Nov-15,336.3
16-Nov-15,332.1
15-Nov-15,321.1
14-Nov-15,333.4
13-Nov-15,338.5
12-Nov-15,336.6
11-Nov-15,314
10-Nov-15,340.2
9-Nov-15,381
8-Nov-15,374
7-Nov-15,384.6
6-Nov-15,375.6
5-Nov-15,388
4-Nov-15,409.2
3-Nov-15,405.3
2-Nov-15,365
1-Nov-15,330.7
31-Oct-15,316
30-Oct-15,328.2
29-Oct-15,314.9
28-Oct-15,304.5
27-Oct-15,295.2
26-Oct-15,287.2
25-Oct-15,284.8
24-Oct-15,284.2
23-Oct-15,279.2
22-Oct-15,275.8
21-Oct-15,267.8
20-Oct-15,271
19-Oct-15,265
18-Oct-15,265
17-Oct-15,272.9
16-Oct-15,263.5
15-Oct-15,255.2
14-Oct-15,253.5
13-Oct-15,251.3
12-Oct-15,246.1
11-Oct-15,247.9
10-Oct-15,246
9-Oct-15,244.8
8-Oct-15,243
7-Oct-15,244.2
6-Oct-15,247.4
5-Oct-15,242
4-Oct-15,239.5
3-Oct-15,239.8
2-Oct-15,237.9
1-Oct-15,238.5
30-Sep-15,236.5
29-Sep-15,236.8
28-Sep-15,240.4
27-Sep-15,233.4
26-Sep-15,234.6
25-Sep-15,235.3
24-Sep-15,234.6
23-Sep-15,230.5
22-Sep-15,231.3
21-Sep-15,227.2
20-Sep-15,232.1
19-Sep-15,232.1
18-Sep-15,233.8
17-Sep-15,233.6
16-Sep-15,229
15-Sep-15,230.9
14-Sep-15,230.9
13-Sep-15,231
12-Sep-15,235.8
11-Sep-15,240.6
10-Sep-15,239.5
9-Sep-15,238.9
8-Sep-15,244.2
7-Sep-15,240.9
6-Sep-15,241
5-Sep-15,235.8
4-Sep-15,230.9
3-Sep-15,227.3
2-Sep-15,229.7
1-Sep-15,228.2
31-Aug-15,231.4
30-Aug-15,230
29-Aug-15,230.8
28-Aug-15,231.8
27-Aug-15,225.8
26-Aug-15,226.2
25-Aug-15,222.7
24-Aug-15,210.5
23-Aug-15,228.5
22-Aug-15,230.3
21-Aug-15,232.2
20-Aug-15,235.5
19-Aug-15,226.2
18-Aug-15,183
17-Aug-15,258.5
16-Aug-15,259.9
15-Aug-15,262.1
14-Aug-15,266.1
13-Aug-15,264.5
12-Aug-15,267.1
11-Aug-15,272
10-Aug-15,265.1
9-Aug-15,265.6
8-Aug-15,261.3
7-Aug-15,280.1
6-Aug-15,279.1
5-Aug-15,282.6
4-Aug-15,285.5
3-Aug-15,281.3
2-Aug-15,282.5
1-Aug-15,280.3
31-Jul-15,284.5
30-Jul-15,288.2
29-Jul-15,289.9
28-Jul-15,295.2
27-Jul-15,294.8
26-Jul-15,293
25-Jul-15,289.4
24-Jul-15,288.6
23-Jul-15,276.5
22-Jul-15,278
21-Jul-15,275.8
20-Jul-15,280.3
19-Jul-15,275
18-Jul-15,277.3
17-Jul-15,279.9
16-Jul-15,278.9
15-Jul-15,285.4
14-Jul-15,286.9
13-Jul-15,292.6
11-Jul-15,301.85
12-Jul-15,311.1
10-Jul-15,286.7
9-Jul-15,269.2
8-Jul-15,270.8
7-Jul-15,265.5
6-Jul-15,274.8
5-Jul-15,265.2
4-Jul-15,260.6
3-Jul-15,256
2-Jul-15,254.5
1-Jul-15,258.1
30-Jun-15,262.9
29-Jun-15,256.7
28-Jun-15,248.7
27-Jun-15,251.6
26-Jun-15,243.3
25-Jun-15,242.1
24-Jun-15,239.8
23-Jun-15,244.3
22-Jun-15,246.7
21-Jun-15,244.3
20-Jun-15,245.4
19-Jun-15,244.6
18-Jun-15,249.5
17-Jun-15,248.9
16-Jun-15,252.1
15-Jun-15,237
14-Jun-15,233.5
13-Jun-15,232.9
12-Jun-15,229.4
11-Jun-15,229.8
10-Jun-15,228.6
9-Jun-15,229.1
8-Jun-15,228.8
7-Jun-15,223.3
6-Jun-15,225.6
5-Jun-15,224.5
4-Jun-15,223.2
3-Jun-15,225.1
2-Jun-15,224.7
1-Jun-15,222
31-May-15,228.7
30-May-15,232.5
29-May-15,236.5
28-May-15,236.9
27-May-15,236.9
26-May-15,237.4
25-May-15,237.1
24-May-15,240.9
23-May-15,238.8
22-May-15,241
21-May-15,235.3
20-May-15,234.2
19-May-15,231.7
18-May-15,232.8
17-May-15,236.2
16-May-15,235.7
15-May-15,237.3
14-May-15,236.7
13-May-15,235.8
12-May-15,241.8
11-May-15,242.5
10-May-15,240.6
9-May-15,242.5
8-May-15,244.5
7-May-15,237.3
6-May-15,229.3
5-May-15,235.9
4-May-15,238.5
3-May-15,240.7
2-May-15,234.8
1-May-15,231.8
30-Apr-15,236.1
29-Apr-15,225.2
28-Apr-15,225.3
27-Apr-15,227.7
26-Apr-15,219.7
25-Apr-15,226.1
24-Apr-15,231.4
23-Apr-15,236
22-Apr-15,234.1
21-Apr-15,235.8
20-Apr-15,224.2
19-Apr-15,222.2
18-Apr-15,223.1
17-Apr-15,222.4
16-Apr-15,228.5
15-Apr-15,224
14-Apr-15,220.2
13-Apr-15,225
12-Apr-15,236.4
11-Apr-15,236.9
10-Apr-15,236.1
9-Apr-15,243.6
8-Apr-15,244.9
7-Apr-15,253.7
6-Apr-15,255.6
5-Apr-15,260.5
4-Apr-15,253.6
3-Apr-15,254.2
2-Apr-15,253.2
1-Apr-15,246.9
31-Mar-15,244.3
30-Mar-15,247.9
29-Mar-15,242.4
28-Mar-15,252.9
27-Mar-15,246.5
26-Mar-15,249.2
25-Mar-15,245.9
24-Mar-15,246
23-Mar-15,267.2
22-Mar-15,268.8
21-Mar-15,260.5
20-Mar-15,262.2
19-Mar-15,261.9
18-Mar-15,257.3
17-Mar-15,285.3
16-Mar-15,291.2
15-Mar-15,286.9
14-Mar-15,282.6
13-Mar-15,283.3
12-Mar-15,295.6
11-Mar-15,296.7
10-Mar-15,292.7
9-Mar-15,291
8-Mar-15,275.6
7-Mar-15,277
6-Mar-15,273.2
5-Mar-15,277.7
4-Mar-15,273.3
3-Mar-15,283.8
2-Mar-15,277.3
1-Mar-15,262.4
28-Feb-15,255.7
27-Feb-15,255
26-Feb-15,236.9
25-Feb-15,238
24-Feb-15,239.7
23-Feb-15,239.4
22-Feb-15,236.5
21-Feb-15,245.6
20-Feb-15,244.5
19-Feb-15,240.2
18-Feb-15,236.3
17-Feb-15,244
16-Feb-15,233.6
15-Feb-15,235.9
14-Feb-15,257.2
13-Feb-15,236.1
12-Feb-15,222.4
11-Feb-15,219.8
10-Feb-15,220.9
9-Feb-15,221.1
8-Feb-15,224
7-Feb-15,229
6-Feb-15,223.2
5-Feb-15,216.8
4-Feb-15,227.1
3-Feb-15,228.6
2-Feb-15,237.8
1-Feb-15,229
31-Jan-15,218.4
30-Jan-15,229.1
29-Jan-15,235
28-Jan-15,236.1
27-Jan-15,263.6
26-Jan-15,274.5
25-Jan-15,254.5
24-Jan-15,240
23-Jan-15,235
22-Jan-15,226.3
21-Jan-15,225.5
20-Jan-15,218
19-Jan-15,213.2
18-Jan-15,209.9
17-Jan-15,201.2
16-Jan-15,206.7
15-Jan-15,217.7
14-Jan-15,183.2
13-Jan-15,229.8
12-Jan-15,267.6
11-Jan-15,266.2
10-Jan-15,275
9-Jan-15,292.8
8-Jan-15,285.6
7-Jan-15,297
6-Jan-15,285.4
5-Jan-15,273.2
4-Jan-15,258.8
3-Jan-15,282
2-Jan-15,315.1
1-Jan-15,313.9
31-Dec-14,317
30-Dec-14,308.8
29-Dec-14,311.9
28-Dec-14,317.5
27-Dec-14,315.9
26-Dec-14,328.5
25-Dec-14,319
24-Dec-14,322.8
23-Dec-14,332.9
22-Dec-14,329
21-Dec-14,317.2
20-Dec-14,329.1
19-Dec-14,315.7
18-Dec-14,308.3
17-Dec-14,318.2
16-Dec-14,330.6
15-Dec-14,347.2
14-Dec-14,352.7
13-Dec-14,350.9
12-Dec-14,352.8
11-Dec-14,350
10-Dec-14,346.9
9-Dec-14,353.9
8-Dec-14,363.3
7-Dec-14,374.4
6-Dec-14,372.8
5-Dec-14,378.4
4-Dec-14,370.3
3-Dec-14,375.7
2-Dec-14,382
1-Dec-14,377.6
30-Nov-14,376.7
29-Nov-14,374.5
28-Nov-14,375.6
27-Nov-14,369.6
26-Nov-14,367.9
25-Nov-14,375.8
24-Nov-14,373.2
23-Nov-14,360.6
22-Nov-14,346.4
21-Nov-14,349.3
20-Nov-14,355.9
19-Nov-14,379.2
18-Nov-14,370
17-Nov-14,387.6
16-Nov-14,388.2
15-Nov-14,376.5
14-Nov-14,399.1
13-Nov-14,419.4
12-Nov-14,417.9
11-Nov-14,367
10-Nov-14,368
9-Nov-14,360
8-Nov-14,345
7-Nov-14,341.5
6-Nov-14,348.5
5-Nov-14,337.5
4-Nov-14,326.9
3-Nov-14,323.6
2-Nov-14,322.5
1-Nov-14,327.2
31-Oct-14,337
30-Oct-14,343.9
29-Oct-14,333.2
28-Oct-14,353.1
27-Oct-14,350.6
26-Oct-14,350
25-Oct-14,347.4
24-Oct-14,356.1
23-Oct-14,356
22-Oct-14,380
21-Oct-14,382.8
20-Oct-14,381
19-Oct-14,386.3
18-Oct-14,390
17-Oct-14,380.3
16-Oct-14,379.3
15-Oct-14,393.5
14-Oct-14,397.9
13-Oct-14,383.4
12-Oct-14,372
11-Oct-14,361.3
10-Oct-14,359.5
9-Oct-14,363.5
8-Oct-14,350
7-Oct-14,331
6-Oct-14,323.8
5-Oct-14,322.5
4-Oct-14,328.7
3-Oct-14,357.7
2-Oct-14,371.7
1-Oct-14,383
30-Sep-14,387.1
29-Sep-14,369.6
28-Sep-14,374.7
27-Sep-14,397.3
26-Sep-14,403
25-Sep-14,409.1
24-Sep-14,420.4
23-Sep-14,429.1
22-Sep-14,397.7
21-Sep-14,400.7
20-Sep-14,411.6
19-Sep-14,395.3
18-Sep-14,427.2
17-Sep-14,456.8
16-Sep-14,465.1
15-Sep-14,469.9
14-Sep-14,476.5
13-Sep-14,478.1
12-Sep-14,471.8
11-Sep-14,477.1
10-Sep-14,477.3
9-Sep-14,472.7
8-Sep-14,470.4
7-Sep-14,479.7
6-Sep-14,481.3
5-Sep-14,477.6
4-Sep-14,489.2
3-Sep-14,474
2-Sep-14,476.8
1-Sep-14,485.8
31-Aug-14,483.4
30-Aug-14,499
29-Aug-14,507.5
28-Aug-14,507.8
27-Aug-14,511
26-Aug-14,508.4
25-Aug-14,502.5
24-Aug-14,507.3
23-Aug-14,500.1
22-Aug-14,515.6
21-Aug-14,515.9
20-Aug-14,517
19-Aug-14,490.3
18-Aug-14,478.2
17-Aug-14,501.3
16-Aug-14,527.2
15-Aug-14,506.2
14-Aug-14,510
13-Aug-14,549
12-Aug-14,566
11-Aug-14,572.5
10-Aug-14,580
9-Aug-14,583.3
8-Aug-14,586.4
7-Aug-14,582.3
6-Aug-14,577.5
5-Aug-14,575
4-Aug-14,581.1
3-Aug-14,582.1
2-Aug-14,587.8
1-Aug-14,594.9
31-Jul-14,579
30-Jul-14,551
29-Jul-14,575
28-Jul-14,586.4
27-Jul-14,590.5
26-Jul-14,594
25-Jul-14,598
24-Jul-14,600.3
23-Jul-14,617.2
22-Jul-14,612.6
21-Jul-14,619.8
20-Jul-14,618.9
19-Jul-14,625.3
18-Jul-14,627.5
17-Jul-14,627.6
16-Jul-14,621
15-Jul-14,620.9
14-Jul-14,622.4
13-Jul-14,624
12-Jul-14,626
11-Jul-14,625.5
10-Jul-14,610
9-Jul-14,620.2
8-Jul-14,618.5
7-Jul-14,624
6-Jul-14,633.3
5-Jul-14,630
4-Jul-14,632.2
3-Jul-14,643.6
2-Jul-14,647.9
1-Jul-14,650.8
30-Jun-14,640
29-Jun-14,603.7
28-Jun-14,600.1
27-Jun-14,606.2
26-Jun-14,577.9
25-Jun-14,568.1
24-Jun-14,587.3
23-Jun-14,599.3
22-Jun-14,607.8
21-Jun-14,601.6
20-Jun-14,601
19-Jun-14,602
18-Jun-14,611.5
17-Jun-14,614.3
16-Jun-14,580
15-Jun-14,571
14-Jun-14,554.4
13-Jun-14,582.6
12-Jun-14,590
11-Jun-14,637.1
10-Jun-14,653.6
9-Jun-14,653.7
8-Jun-14,662.3
7-Jun-14,663
6-Jun-14,655
5-Jun-14,663.3
4-Jun-14,652.3
3-Jun-14,682.9
2-Jun-14,669.5
1-Jun-14,646.5
31-May-14,635.6
30-May-14,629
29-May-14,573
28-May-14,577
27-May-14,570
26-May-14,575
25-May-14,566.2
24-May-14,502.3
23-May-14,509.5
22-May-14,502.3
21-May-14,477.6
20-May-14,476
19-May-14,439
18-May-14,438.8
17-May-14,442
16-May-14,442.3
15-May-14,442
14-May-14,444
13-May-14,437.3
12-May-14,440
11-May-14,432
10-May-14,451.1
9-May-14,446
8-May-14,442.8
7-May-14,438
6-May-14,430
5-May-14,427
4-May-14,430.9
3-May-14,440.5
2-May-14,453.5
1-May-14,459
30-Apr-14,448.3
29-Apr-14,434
28-Apr-14,448
27-Apr-14,441.5
26-Apr-14,459
25-Apr-14,460
24-Apr-14,497.5
23-Apr-14,490.2
22-Apr-14,488
21-Apr-14,497
20-Apr-14,512.5
19-Apr-14,505
18-Apr-14,490.5
17-Apr-14,500.7
16-Apr-14,522.3
15-Apr-14,515
14-Apr-14,459
13-Apr-14,404.2
12-Apr-14,415
11-Apr-14,416.3
10-Apr-14,370
9-Apr-14,442.5
8-Apr-14,448.8
7-Apr-14,454.2
6-Apr-14,453.7
5-Apr-14,460.8
4-Apr-14,450
3-Apr-14,448.8
2-Apr-14,443.3
1-Apr-14,482.8
31-Mar-14,452
30-Mar-14,464.1
29-Mar-14,491.9
28-Mar-14,497.4
27-Mar-14,498.5
26-Mar-14,595
25-Mar-14,582
24-Mar-14,590
23-Mar-14,566.2
22-Mar-14,560
21-Mar-14,568.8
20-Mar-14,583.5
19-Mar-14,611
18-Mar-14,618.4
17-Mar-14,624.3
16-Mar-14,635
15-Mar-14,641.6
14-Mar-14,630
13-Mar-14,642
12-Mar-14,650
11-Mar-14,615
10-Mar-14,615
9-Mar-14,621
8-Mar-14,614.1
7-Mar-14,621
6-Mar-14,663
5-Mar-14,675
4-Mar-14,668
3-Mar-14,658
2-Mar-14,560.6
1-Mar-14,568.2
28-Feb-14,565
27-Feb-14,579
26-Feb-14,582
25-Feb-14,515
24-Feb-14,562.4
23-Feb-14,619
22-Feb-14,595.2
21-Feb-14,568
20-Feb-14,578.9
19-Feb-14,630.4
18-Feb-14,628
17-Feb-14,663.8
16-Feb-14,608
15-Feb-14,653.4
14-Feb-14,682
13-Feb-14,634.3
12-Feb-14,685
11-Feb-14,658.9
10-Feb-14,706.3
9-Feb-14,710
8-Feb-14,690
7-Feb-14,720
6-Feb-14,771.6
5-Feb-14,791
4-Feb-14,813
3-Feb-14,810
2-Feb-14,812.3
1-Feb-14,814.6
31-Jan-14,800
30-Jan-14,803.9
29-Jan-14,800
28-Jan-14,795
27-Jan-14,760.3
26-Jan-14,809.7
25-Jan-14,810
24-Jan-14,781.9
23-Jan-14,816.2
22-Jan-14,807
21-Jan-14,810
20-Jan-14,823.4
19-Jan-14,830
18-Jan-14,800
17-Jan-14,789
16-Jan-14,824
15-Jan-14,839.7
14-Jan-14,826.9
13-Jan-14,818.4
12-Jan-14,888.1
11-Jan-14,896.9
10-Jan-14,834.7
9-Jan-14,850
8-Jan-14,828.5
7-Jan-14,791
6-Jan-14,934.5
5-Jan-14,904
4-Jan-14,801.8
3-Jan-14,812.1
2-Jan-14,775
1-Jan-14,740.3
31-Dec-13,727.7
30-Dec-13,737.2
29-Dec-13,714.3
28-Dec-13,701
27-Dec-13,718.9
26-Dec-13,740
25-Dec-13,693.65
24-Dec-13,647.3
23-Dec-13,640.4
22-Dec-13,622.1
21-Dec-13,607.7
20-Dec-13,599
19-Dec-13,702
18-Dec-13,551.4
17-Dec-13,731.9
16-Dec-13,704.8
15-Dec-13,864.9
14-Dec-13,897.9
13-Dec-13,912.6
12-Dec-13,900.5
11-Dec-13,921.8
10-Dec-13,1023
9-Dec-13,935.8
8-Dec-13,730
7-Dec-13,800.6
6-Dec-13,872.6
5-Dec-13,1030.6
4-Dec-13,1145
3-Dec-13,1048
2-Dec-13,998.1
1-Dec-13,955
30-Nov-13,1112.4
29-Nov-13,1107.5
28-Nov-13,1010
27-Nov-13,948
26-Nov-13,849.6
25-Nov-13,782.8
24-Nov-13,813.7
23-Nov-13,842.2
22-Nov-13,760
21-Nov-13,700
20-Nov-13,550
19-Nov-13,599
18-Nov-13,585.2
17-Nov-13,473.3
16-Nov-13,435.3
15-Nov-13,400
14-Nov-13,418
13-Nov-13,387.7
12-Nov-13,350.2
11-Nov-13,338.6
10-Nov-13,311.9
9-Nov-13,336.1
8-Nov-13,323.8
7-Nov-13,283.3
6-Nov-13,253.7
5-Nov-13,239.3
4-Nov-13,225.2
3-Nov-13,207.6
2-Nov-13,200.9
1-Nov-13,198.5
31-Oct-13,198.2
30-Oct-13,194.6
29-Oct-13,198.2
28-Oct-13,187.9
27-Oct-13,185.7
26-Oct-13,175.9
25-Oct-13,178.1
24-Oct-13,183.1
23-Oct-13,200.6
22-Oct-13,183.9
21-Oct-13,174.2
20-Oct-13,163.1
19-Oct-13,159.8
18-Oct-13,149.6
17-Oct-13,142.7
16-Oct-13,137.4
15-Oct-13,138.6
14-Oct-13,133
13-Oct-13,130.4
12-Oct-13,126.5
11-Oct-13,125.5
10-Oct-13,125.7
9-Oct-13,125.8
8-Oct-13,124.3
7-Oct-13,123.2
6-Oct-13,121.7
5-Oct-13,121.1
4-Oct-13,121.3
3-Oct-13,116.8
2-Oct-13,99.8
1-Oct-13,125.5
30-Sep-13,123.1
29-Sep-13,125.2
28-Sep-13,124.8
27-Sep-13,123.5
26-Sep-13,123.5
25-Sep-13,123.4
24-Sep-13,122.5
23-Sep-13,122.2
22-Sep-13,122.7
21-Sep-13,122.6
20-Sep-13,122.9
19-Sep-13,124.2
18-Sep-13,126.3
17-Sep-13,126
16-Sep-13,125.1
15-Sep-13,124.6
14-Sep-13,124.1
13-Sep-13,126.5
12-Sep-13,125.8
11-Sep-13,125.4
10-Sep-13,121.5
9-Sep-13,120
8-Sep-13,116.6
7-Sep-13,119.1
6-Sep-13,116.3
5-Sep-13,120.5
4-Sep-13,120.6
3-Sep-13,127.6
2-Sep-13,127.4
1-Sep-13,128.3
